roc_auc,pr_auc,f1,precision,recall,accuracy_macro
0.7683769091319724,0.5728031047834682,0.6125488726110293,0.5246326564414363,0.7561749321834981,0.7169302659956865
0.7652182868102979,0.5770460894683151,0.6125670631562673,0.510476399468474,0.7986308279157134,0.7021926671459382
0.762407035186849,0.5706050375992499,0.6154681431214217,0.5236631308822216,0.7577183081654701,0.7287922358015816
0.7705579586853033,0.5882903103806847,0.6112645508639731,0.5041873723921025,0.8177892289695868,0.6906901509705248
0.7604843265622024,0.5950843350558617,0.6117160774698759,0.5165307092319719,0.7690125609267341,0.7109712230215828
