,roc_auc,pr_auc,f1,accuracy_macro,subset_accuracy
logreg,0.7622004818950165,0.5655949235721569,0.6021740696585028,0.6577586206896553,0.27586206896551724
