,roc_auc,pr_auc,f1,precision,recall,accuracy_macro
mean,0.765409,0.580766,0.612713,0.515898,0.779865,0.709915
std,0.004142,0.010513,0.001638,0.008711,0.027202,0.014456
