roc_auc,pr_auc,f1,precision,recall,accuracy_macro
0.7756864461892445,0.6139686429621469,0.6172158368406637,0.5348355049515757,0.7659976033009831,0.7190869877785766
0.7742311357629068,0.6142468006618024,0.6113639088193902,0.5206419694532642,0.7658991279030729,0.7136951833213515
0.767963830699971,0.5973104575169851,0.6066536216407423,0.5145584601947931,0.75620557900838,0.7147735442127965
0.7710500618095526,0.6024137475634137,0.6141069448307951,0.5196437648698831,0.7594991909326313,0.7207045291157441
0.763268172908709,0.593972804537774,0.6073041861902949,0.5193981438761777,0.7594821155747615,0.7057553956834531
