,roc_auc,pr_auc,f1,precision,recall,accuracy_macro
mean,0.77044,0.604382,0.611329,0.521816,0.761417,0.714803
std,0.004996,0.009374,0.004484,0.007651,0.004349,0.005837
