,roc_auc,pr_auc,f1,accuracy_macro,subset_accuracy
rf,0.7686909088002398,0.5917801098253324,0.6058902418065522,0.7517241379310344,0.38045977011494253
