roc_auc,pr_auc,f1,precision,recall,accuracy_macro
0.7903698992970113,0.6278658394974109,0.6189394457737913,0.5551609186242802,0.7155385506746239,0.7433501078360891
0.7899849363373086,0.6285333776966189,0.6218645896251813,0.5346163502222536,0.7667512654034079,0.7280733285406182
0.7751765256058141,0.6084589393999787,0.6146862175367828,0.5204846555149663,0.7727682361672545,0.7214234363767075
0.7818642571210463,0.6117777838200148,0.6220648589311127,0.5515815772213862,0.7162314923461921,0.7507189072609634
0.7747425518208286,0.6101827499274769,0.615904867331273,0.5394591434547282,0.7232662788661233,0.7339928057553956
