,roc_auc,pr_auc,f1,precision,recall,accuracy_macro
mean,0.782428,0.617364,0.618692,0.540261,0.738911,0.735512
std,0.007618,0.009964,0.003366,0.013908,0.028402,0.011713
