,roc_auc,pr_auc,f1,accuracy_macro,subset_accuracy
xgb,0.788637397012057,0.6154225489832092,0.6120656405941437,0.7548850574712643,0.3850574712643678
